{
  "test_date": "2026-03-20T11:08:43Z",
  "hardware": {
    "gpu": "cuda",
    "vram_gb": 23,
    "vram_baseline_mib": 634
  },
  "gguf": {
    "code_dim": 3584,
    "nlp_dim": 4096,
    "avg_code_latency_ms": 213,
    "avg_nlp_latency_ms": 83,
    "vram_mib": 12252,
    "code_latencies_ms": [
      283,
      304,
      330,
      79,
      79,
      382,
      82,
      76,
      426,
      87
    ],
    "nlp_latencies_ms": [
      153,
      191,
      60,
      63,
      60,
      60,
      64,
      57,
      58,
      59
    ],
    "code_load_ms": 6000,
    "nlp_load_ms": 6000,
    "sanity": {
      "similar": 0.8513852016500442,
      "dissimilar": 0.24969410565828243,
      "separation": 0.6016910959917617
    }
  },
  "tei": {
    "code_dim": 3584,
    "nlp_dim": 4096,
    "avg_code_latency_ms": 100,
    "avg_nlp_latency_ms": 104,
    "vram_mib": 15122,
    "code_latencies_ms": [
      92,
      89,
      113,
      87,
      89,
      111,
      111,
      80,
      121,
      107
    ],
    "nlp_latencies_ms": [
      210,
      206,
      103,
      87,
      79,
      79,
      69,
      68,
      68,
      69
    ],
    "code_load_ms": 53000,
    "nlp_load_ms": 39000,
    "sanity": {
      "similar": 0.8565551384420428,
      "dissimilar": 0.25173765105558904,
      "separation": 0.6048174873864538
    }
  },
  "comparison": {
    "avg_code_cosine_sim": 0.9988194148865593,
    "avg_nlp_cosine_sim": 0.9955838147082107,
    "code_sims": [
      0.9991073881429474,
      0.9989611926495426,
      0.9988482369199558,
      0.9988171839876402,
      0.9986515602625977,
      0.9988391785178132,
      0.9988698675647487,
      0.998794275604504,
      0.9985012336499856,
      0.9988040315658594
    ],
    "nlp_sims": [
      0.9950339176521361,
      0.9965216455460383,
      0.995903725229892,
      0.9956446878503629,
      0.9960646520075412,
      0.9956633099489544,
      0.9948650617342508,
      0.996357477546556,
      0.9958529582604233,
      0.9939307113059522
    ],
    "ranking_preserved": "10/10",
    "recommendation": "advanced-gguf",
    "reason": "Similarity 0.9988194148865593 >= 0.995, ranking preserved (10/10)"
  }
}
